"","date","S135_AMMONIA-N_mg/L","days"
"1",1973-04-09,0.03,9
"2",1973-04-16,0.02,16
"3",1973-04-23,0.06,23
"4",1973-04-30,0.06,29
"5",1973-05-07,0.11,36
"6",1973-05-14,0.04,43
"7",1973-05-21,NA,50
"8",1973-05-29,0.02,58
"9",1973-06-04,0.04,64
"10",1973-06-11,0.03,71
"11",1973-06-18,0.03,78
"12",1973-06-25,0.01,85
"13",1973-07-02,0.04,92
"14",1973-07-09,0.07,99
"15",1973-07-16,0.07,106
"16",1973-07-23,0.06,113
"17",1973-07-30,NA,120
"18",1973-08-06,NA,127
"19",1973-08-13,0.02,134
"20",1973-08-20,0.11,141
"21",1973-08-27,0.1,148
"22",1973-09-04,0.39,156
"23",1973-09-10,0.12,162
"24",1973-09-17,0.03,169
"25",1973-09-24,0.15,176
"26",1973-10-01,0.1,183
"27",1973-10-08,0.11,190
"28",1973-10-15,0.05,197
"29",1973-10-23,0.08,205
"30",1973-10-29,0.04,212
"31",1973-11-13,0.16,227
"32",1973-11-26,0.04,240
"33",1973-12-17,0.21,261
"34",1974-01-02,0.02,277
"35",1974-01-14,0.29,288
"36",1974-01-28,NA,302
"37",1974-02-11,NA,316
"38",1974-02-25,NA,330
"39",1974-03-11,0.04,344
"40",1974-03-25,0.03,358
"41",1974-04-08,0.05,372
"42",1974-04-22,0.06,386
"43",1979-05-14,0.01,2234
"44",1979-05-29,NA,2249
"45",1979-06-11,0.02,2262
"46",1979-06-25,NA,2276
"47",1979-07-09,0.03,2290
"48",1979-07-23,0.06,2304
"49",1979-08-06,0.02,2318
"50",1979-08-20,NA,2332
"51",1979-09-05,0.25,2348
"52",1979-09-18,0.03,2361
"53",1979-10-01,0.163333333333333,2374
"54",1979-10-15,0.25,2388
"55",1979-10-29,0.22,2403
"56",1979-11-13,0.08,2418
"57",1979-11-27,0.24,2432
"58",1979-12-11,0.45,2446
"59",1979-12-27,0.14,2462
"60",1980-01-08,0.14,2474
"61",1980-01-22,0.23,2488
"62",1980-02-05,0.13,2502
"63",1980-02-19,0.11,2516
"64",1980-03-04,0.11,2530
"65",1980-04-02,0.1,2559
"66",1980-04-16,0.06,2573
"67",1980-04-30,0.05,2586
"68",1980-05-13,0.03,2599
"69",1980-05-28,NA,2614
"70",1980-06-09,NA,2626
"71",1980-06-25,NA,2642
"72",1980-07-08,0.04,2655
"73",1980-07-24,0.02,2671
"74",1980-08-04,0.03,2682
"75",1980-08-20,0.02,2698
"76",1980-09-03,0.16,2712
"77",1980-09-17,NA,2726
"78",1980-10-01,0.01,2740
"79",1980-10-14,NA,2753
"80",1980-10-29,NA,2769
"81",1980-11-12,0.07,2783
"82",1980-12-02,0.05,2803
"83",1980-12-31,NA,2832
"84",1981-01-14,0.01,2846
"85",1981-01-27,NA,2859
"86",1981-02-11,0.02,2874
"87",1981-03-11,0.03,2902
"88",1981-03-24,NA,2915
"89",1981-04-08,NA,2930
"90",1981-04-21,NA,2943
"91",1981-05-06,NA,2957
"92",1981-05-19,0.04,2970
"93",1981-06-02,NA,2984
"94",1981-06-17,NA,2999
"95",1981-06-30,NA,3012
"96",1981-07-16,NA,3028
"97",1981-07-28,NA,3040
"98",1981-08-12,NA,3055
"99",1981-08-25,0.03,3068
"100",1981-09-10,NA,3084
"101",1981-09-23,0.01,3097
"102",1981-10-06,NA,3110
"103",1981-10-20,NA,3124
"104",1981-11-04,NA,3140
"105",1981-12-02,NA,3168
"106",1981-12-29,0.03,3195
"107",1982-02-24,NA,3252
"108",1982-05-04,0.02,3320
"109",1982-07-01,NA,3378
"110",1982-07-12,0.01,3389
"111",1982-07-27,0.00666666666666667,3404
"112",1982-08-09,NA,3417
"113",1982-08-25,NA,3433
"114",1982-09-09,NA,3448
"115",1982-09-21,0.06,3460
"116",1982-10-05,0.06,3474
"117",1982-10-20,NA,3489
"118",1982-11-01,0.09,3502
"119",1982-11-22,0.07,3523
"120",1982-12-06,0.1,3537
"121",1982-12-22,NA,3553
"122",1983-01-04,0.07,3566
"123",1983-01-18,0.01,3580
"124",1983-02-01,0.01,3594
"125",1983-02-17,0.03,3610
"126",1983-03-02,0.05,3623
"127",1983-03-15,NA,3636
"128",1983-03-29,NA,3650
"129",1983-04-15,0.03,3667
"130",1983-04-26,NA,3677
"131",1983-05-24,NA,3705
"132",1983-06-07,0.04,3719
"133",1983-06-21,0.04,3733
"134",1983-07-06,0.02,3748
"135",1983-08-02,0.02,3775
"136",1983-08-16,0.01,3789
"137",1983-08-30,0.04,3803
"138",1983-09-27,0.05,3831
"139",1983-10-10,0.09,3844
"140",1983-10-25,0.02,3859
"141",1983-11-08,0.13,3874
"142",1983-11-21,0.06,3887
"143",1983-12-05,0.01,3901
"144",1983-12-20,0.03,3916
"145",1984-01-04,0.05,3931
"146",1984-01-17,0.02,3944
"147",1984-01-31,0.01,3958
"148",1984-02-14,0.02,3972
"149",1984-02-29,0.04,3987
"150",1984-03-13,NA,4000
"151",1984-03-27,NA,4014
"152",1984-04-09,0.03,4027
"153",1984-09-25,0.03,4195
"154",1984-11-06,0.01,4238
"155",1984-12-04,NA,4266
"156",1985-01-03,0.02,4296
"157",1985-02-26,NA,4350
"158",1985-03-26,NA,4378
"159",1985-04-23,NA,4406
"160",1985-05-06,0.01,4418
"161",1985-06-19,0.01,4462
"162",1985-07-30,0.02,4503
"163",1985-09-24,0.06,4559
"164",1985-10-08,NA,4573
"165",1985-11-05,0.07,4602
"166",1985-12-03,0.03,4630
"167",1986-01-14,0.05,4672
"168",1986-01-28,0.08,4686
"169",1986-02-12,NA,4701
"170",1986-02-25,NA,4714
"171",1986-03-25,0.01,4742
"172",1986-04-08,NA,4756
"173",1986-05-06,0.01,4783
"174",1986-06-17,NA,4825
"175",1986-07-15,0.01,4853
"176",1986-07-29,0.03,4867
"177",1986-08-26,0.29,4895
"178",1986-09-09,NA,4909
"179",1986-10-07,0.02,4937
"180",1986-11-18,0.02,4980
"181",1986-12-18,0.03,5010
"182",1987-01-07,NA,5030
"183",1987-01-22,0.04,5045
"184",1987-02-03,0.03,5057
"185",1987-03-03,0.04,5085
"186",1987-03-31,0.05,5113
"187",1987-04-28,NA,5140
"188",1987-05-11,NA,5153
"189",1987-06-24,NA,5197
"190",1987-07-08,0.03,5211
"191",1987-07-21,NA,5224
"192",1987-08-04,NA,5238
"193",1987-10-13,0.09,5308
"194",1987-11-10,0.02,5337
"195",1987-11-24,NA,5351
"196",1987-12-22,0.01,5379
"197",1988-01-05,NA,5393
"198",1988-01-19,0.01,5407
"199",1988-02-02,NA,5421
"200",1988-02-16,NA,5435
"201",1988-03-01,0.02,5449
"202",1988-03-15,NA,5463
"203",1988-03-29,NA,5477
"204",1988-04-12,NA,5490
"205",1988-04-26,NA,5504
"206",1988-05-24,0.05,5532
"207",1988-06-21,0.02,5560
"208",1988-07-06,0.01,5575
"209",1988-08-02,NA,5602
"210",1988-08-16,0.09,5616
"211",1988-08-30,0.05,5630
"212",1988-10-11,NA,5672
"213",1988-11-08,0.03,5701
"214",1988-12-06,NA,5729
"215",1989-01-31,NA,5785
"216",1989-02-28,0.01,5813
"217",1989-03-28,0.02,5841
"218",1989-04-26,0.01,5869
"219",1989-05-24,NA,5897
"220",1989-06-06,NA,5910
"221",1989-07-19,NA,5953
"222",1989-08-30,NA,5995
"223",1989-09-28,NA,6024
"224",1989-10-24,0.02,6050
"225",1989-11-08,NA,6066
"226",1989-12-05,NA,6093
"227",1990-01-02,0.02,6121
"228",1990-02-28,NA,6178
"229",1990-03-27,0.08,6205
"230",1990-04-24,NA,6232
"231",1990-06-20,0.03,6289
"232",1990-07-18,0.01,6317
"233",1990-08-29,0.01,6359
"234",1990-09-26,0.07,6387
"235",1990-10-31,NA,6423
"236",1990-11-20,NA,6443
"237",1990-12-19,0.02,6472
"238",1991-01-30,NA,6514
"239",1991-02-12,NA,6527
"240",1991-03-25,NA,6568
"241",1991-04-09,NA,6582
"242",1991-05-22,NA,6625
"243",1991-06-17,NA,6651
"244",1991-07-29,NA,6693
"245",1991-08-28,0.02,6723
"246",1991-09-25,NA,6751
"247",1991-10-08,0.04,6764
"248",1991-11-06,0.04,6794
"249",1991-11-20,NA,6808
"250",1991-12-31,NA,6849
"251",1992-01-29,0.01,6878
"252",1992-02-10,NA,6890
"253",1992-02-27,NA,6907
"254",1992-03-09,NA,6918
"255",1992-04-21,NA,6960
"256",1992-05-04,NA,6973
"257",1992-05-18,0.03,6987
"258",1992-07-01,NA,7031
"259",1992-07-13,NA,7043
"260",1992-08-31,0.02,7092
"261",1992-09-22,NA,7114
"262",1992-10-05,0.26,7127
"263",1992-10-20,0.14,7142
"264",1992-11-30,0.216666666666667,7184
"265",1992-12-14,0.03,7198
"266",1993-01-28,0.125,7243
"267",1993-02-24,0.095,7270
"268",1993-03-25,NA,7299
"269",1993-04-21,NA,7325
"270",1993-05-19,0.101666666666667,7353
"271",1993-06-16,NA,7381
"272",1993-06-26,NA,7391
"273",1993-08-25,NA,7451
"274",1993-09-21,0.0175,7478
"275",1993-10-20,NA,7507
"276",1993-11-18,NA,7537
"277",1993-12-15,0.03,7564
"278",1994-01-19,NA,7599
"279",1994-02-16,NA,7627
"280",1994-03-28,NA,7667
"281",1994-04-26,NA,7695
"282",1994-05-18,0.01125,7717
"283",1994-07-20,NA,7780
"284",1994-08-15,0.062,7806
"285",1994-09-12,0.123,7834
"286",1994-09-28,0.421,7850
"287",1994-10-10,0.011,7862
"288",1994-11-07,0.052,7891
"289",1994-12-05,0.065,7919
"290",1994-12-19,0.046,7933
"291",1995-01-03,NA,7948
"292",1995-01-31,0.13,7976
"293",1995-02-27,0.023,8003
"294",1995-03-28,NA,8032
"295",1995-04-24,0.023,8058
"296",1995-05-22,NA,8086
"297",1995-06-19,0.058,8114
"298",1995-07-17,0.021,8142
"299",1995-08-03,0.228,8159
"300",1995-08-14,0.016,8170
"301",1995-08-29,0.02675,8185
"302",1995-09-11,0.054,8198
"303",1995-10-09,0.169,8226
"304",1995-10-24,0.1355,8241
"305",1995-11-06,0.108,8255
"306",1995-12-04,0.024,8283
"307",1996-01-02,0.047,8312
"308",1996-01-29,0.075,8339
"309",1996-02-26,0.03,8367
"310",1996-03-25,0.035,8395
"311",1996-04-22,0.049,8422
"312",1996-05-20,0.024,8450
"313",1996-06-18,0.189,8479
"314",1996-07-15,0.033,8506
"315",1996-08-14,0.022,8536
"316",1996-09-09,0.077,8562
"317",1996-10-07,0.125,8590
"318",1996-11-04,0.015,8619
"319",1996-12-02,0.078,8647
"320",1996-12-30,0.012,8675
"321",1997-01-27,0.05,8703
"322",1997-02-24,NA,8731
"323",1997-03-24,NA,8759
"324",1997-04-21,0.032,8786
"325",1997-05-19,0.017,8814
"326",1997-06-16,0.067,8842
"327",1997-07-14,0.044,8870
"328",1997-07-28,0.06,8884
"329",1997-08-25,0.029,8912
"330",1997-09-08,0.092,8926
"331",1997-10-20,0.172,8968
"332",1997-11-17,0.066,8997
"333",1997-12-22,0.009,9032
"334",1998-01-20,0.053,9061
"335",1998-02-17,0.025,9089
"336",1998-03-02,0.086,9102
"337",1998-04-20,0.058,9150
"338",1998-05-04,0.024,9164
"339",1998-05-18,NA,9178
"340",1998-06-15,0.058,9206
"341",1998-07-27,NA,9248
"342",1998-08-24,0.033,9276
"343",1998-09-21,0.113,9304
"344",1998-10-19,0.084,9332
"345",1998-11-16,NA,9361
"346",1998-12-14,0.071,9389
"347",1998-12-28,0.033,9403
"348",1999-01-25,0.074,9431
"349",1999-02-22,0.039,9459
"350",1999-03-22,0.018,9487
"351",1999-04-19,0.029,9514
"352",1999-05-17,0.012,9542
"353",1999-06-21,0.149,9577
"354",1999-07-26,0.091,9612
"355",1999-08-23,0.062,9640
"356",1999-09-20,0.011,9668
"357",1999-10-18,0.273,9696
"358",1999-11-01,0.025,9711
"359",1999-12-27,0.031,9767
"360",2000-01-24,0.0055,9795
"361",2000-02-22,0.018,9824
"362",2000-03-20,NA,9851
"363",2000-04-17,0.012,9878
"364",2000-05-15,0.053,9906
"365",2000-06-26,NA,9948
"366",2000-07-24,0.019,9976
"367",2000-08-21,0.01,10004
"368",2000-09-18,0.26,10032
"369",2000-10-16,0.048,10060
"370",2000-11-13,0.017,10089
"371",2000-12-18,NA,10124
"372",2001-01-22,0.021,10159
"373",2001-02-20,0.00025,10188
"374",2001-03-19,NA,10215
"375",2001-04-16,NA,10242
"376",2001-05-14,NA,10270
"377",2001-06-18,NA,10305
"378",2001-07-16,0.035,10333
"379",2001-08-13,NA,10361
"380",2001-09-10,0.023,10389
"381",2001-10-08,NA,10417
"382",2001-11-05,0.07,10446
"383",2001-11-19,0.052,10460
"384",2001-12-03,0.089,10474
"385",2002-01-22,NA,10524
"386",2002-02-19,0.01,10552
"387",2002-03-18,0.021,10579
"388",2002-04-15,0.015,10606
"389",2002-05-13,NA,10634
"390",2002-06-24,0.031,10676
"391",2002-07-22,NA,10704
"392",2002-08-19,0.013,10732
"393",2002-09-03,0.006,10747
"394",2002-09-16,0.036,10760
"395",2002-10-28,0.021,10803
"396",2002-11-25,0.094,10831
"397",2002-12-30,0.013,10866
"398",2003-01-13,0.024,10880
"399",2003-02-24,0.022,10922
"400",2003-03-24,0.015,10950
"401",2003-04-21,0.01,10977
"402",2003-05-19,NA,11005
"403",2003-06-16,NA,11033
"404",2003-07-21,0.009,11068
"405",2003-08-04,NA,11082
"406",2003-08-18,0.01,11096
"407",2003-09-02,0.011,11111
"408",2003-09-15,0.07,11124
"409",2003-10-20,0.235,11159
"410",2003-11-17,0.037,11188
"411",2003-12-15,0.101,11216
"412",2004-01-20,0.037,11252
"413",2004-02-02,0.026,11265
"414",2004-02-17,0.012,11280
"415",2004-03-15,0.01,11307
"416",2004-04-19,NA,11341
"417",2004-05-17,0.009,11369
"418",2004-07-26,NA,11439
"419",2004-08-23,NA,11467
"420",2004-09-13,0.001,11488
"421",2004-10-04,0.017,11509
"422",2004-10-18,0.032,11523
"423",2004-11-01,NA,11538
"424",2004-11-15,0.082,11552
"425",2004-12-20,0.085,11587
"426",2005-01-18,0.097,11616
"427",2005-02-14,NA,11643
"428",2005-03-14,NA,11671
"429",2005-04-18,0.034,11705
"430",2005-06-13,0.079,11761
"431",2005-06-27,0.009,11775
"432",2005-07-25,0.05,11803
"433",2005-08-22,0.024,11831
"434",2005-09-06,0.421,11846
"435",2005-09-20,0.129,11860
"436",2005-10-17,0.153,11887
"437",2005-11-01,0.086,11903
"438",2005-11-14,0.064,11916
"439",2005-12-19,0.029,11951
"440",2006-01-23,NA,11986
"441",2006-02-06,0.081,12000
"442",2006-02-21,NA,12015
"443",2006-03-20,0.017,12042
"444",2006-04-17,NA,12069
"445",2006-05-22,0.021,12104
"446",2006-06-19,0.069,12132
"447",2006-07-17,NA,12160
"448",2006-08-21,0.049,12195
"449",2006-09-25,NA,12230
"450",2006-10-23,NA,12258
"451",2006-11-27,0.009,12294
"452",2006-12-18,0.045,12315
"453",2007-01-22,0.0035,12350
"454",2007-02-26,0.006,12385
"455",2007-03-26,NA,12412
"456",2007-04-23,NA,12440
"457",2007-05-21,0.005,12468
"458",2007-06-18,0.014,12496
"459",2007-07-23,0.009,12531
"460",2007-08-20,0.012,12559
"461",2007-09-24,0.196,12594
"462",2007-10-22,0.008,12622
"463",2007-11-26,0.01,12658
"464",2007-12-19,0.024,12681
"465",2008-01-16,0.019,12709
"466",2008-02-20,0.017,12744
"467",2008-03-19,NA,12771
"468",2008-04-16,0.017,12799
"469",2008-05-28,0.026,12841
"470",2008-06-25,0.112,12869
"471",2008-07-30,0.016,12904
"472",2008-08-28,0.03,12933
"473",2008-09-24,0.115,12960
"474",2008-10-22,0.02,12988
"475",2008-11-19,0.044,13017
"476",2008-12-17,0.021,13045
"477",2009-01-21,0.021,13080
"478",2009-02-18,NA,13108
"479",2009-03-25,0.016,13142
"480",2009-04-22,0.025,13170
"481",2009-05-20,0.015,13198
"482",2009-06-17,0.016,13226
"483",2009-07-08,0.017,13247
"484",2009-07-22,0.017,13261
"485",2009-08-12,0.012,13282
"486",2009-08-26,0.017,13296
"487",2009-09-23,0.015,13324
"488",2009-10-28,0.031,13359
"489",2009-11-18,0.01,13381
"490",2009-12-23,0.026,13416
"491",2010-01-27,0.023,13451
"492",2010-02-24,0.011,13479
"493",2010-03-17,0.016,13499
"494",2010-04-21,0.018,13534
"495",2010-05-26,0.024,13569
"496",2010-06-30,0.027,13604
"497",2010-07-28,0.008,13632
"498",2010-08-18,0.016,13653
"499",2010-09-29,0.043,13695
"500",2010-10-27,0.01,13723
"501",2010-11-17,0.013,13745
"502",2010-12-13,0.019,13771
"503",2011-01-20,0.007,13809
"504",2011-02-17,0.011,13837
"505",2011-03-16,0.009,13863
"506",2011-04-20,0.009,13898
"507",2011-05-18,0.012,13926
"508",2011-06-22,0.009,13961
"509",2011-07-20,0.006,13989
"510",2011-08-24,0.01,14024
"511",2011-09-21,NA,14052
"512",2011-10-19,0.064,14080
"513",2011-11-16,0.006,14109
"514",2011-12-21,0.006,14144
"515",2012-01-18,0.011,14172
"516",2012-02-22,0.008,14207
"517",2012-03-21,0.01,14234
"518",2012-04-18,NA,14262
"519",2012-05-16,0.01,14290
"520",2012-06-20,0.008,14325
"521",2012-07-11,0.012,14346
"522",2012-08-08,0.026,14374
"523",2012-09-05,0.094,14402
"524",2012-09-20,0.008,14417
"525",2012-10-03,0.081,14430
"526",2012-11-14,0.019,14473
"527",2012-12-05,0.038,14494
"528",2013-01-09,0.012,14529
"529",2013-02-06,0.011,14557
"530",2013-03-06,0.009,14585
"531",2013-04-03,0.006,14612
"532",2013-05-08,0.016,14647
"533",2013-06-05,0.012,14675
"534",2013-07-10,0.03,14710
"535",2013-07-24,0.023,14724
"536",2013-08-07,0.024,14738
"537",2013-09-04,0.02,14766
"538",2013-10-07,0.028,14799
"539",2013-11-04,0.077,14828
"540",2013-12-02,0.088,14856
"541",2014-01-06,0.098,14891
"542",2014-02-03,0.008,14919
"543",2014-04-07,0.013,14981
"544",2014-05-05,0.025,15009
"545",2014-06-09,0.012,15044
"546",2014-07-07,0.012,15072
"547",2014-08-18,0.049,15114
"548",2014-09-08,0.25,15135
"549",2014-09-22,0.111,15149
"550",2014-10-06,0.129,15163
"551",2014-11-03,0.076,15192
"552",2014-12-01,0.015,15220
"553",2015-01-05,0.01,15255
"554",2015-01-20,0.043,15270
"555",2015-02-02,0.013,15283
"556",2015-02-16,0.019,15297
"557",2015-03-02,0.014,15311
"558",2015-04-06,0.039,15345
"559",2015-05-04,0.01,15373
"560",2015-06-01,0.019,15401
"561",2015-07-06,0.015,15436
"562",2015-08-03,0.092,15464
"563",2015-08-31,0.055,15492
"564",2015-09-14,0.054,15506
"565",2015-09-28,0.063,15520
"566",2015-10-26,0.125,15548
"567",2015-11-23,0.025,15577
"568",2015-12-07,0.048,15591
"569",2015-12-21,0.073,15605
"570",2016-01-20,0.069,15635
"571",2016-02-01,0.095,15647
"572",2016-02-15,0.041,15661
"573",2016-03-14,0.025,15688
"574",2016-04-11,0.034,15716
"575",2016-05-09,0.016,15744
"576",2016-05-23,0.096,15758
"577",2016-06-06,0.028,15772
"578",2016-07-06,0.033,15802
"579",2016-07-18,0.019,15814
"580",2016-08-01,0.031,15828
"581",2016-08-15,0.026,15842
"582",2016-08-29,0.025,15856
"583",2016-09-26,0.039,15884
"584",2016-10-24,0.144,15912
"585",2016-11-21,0.086,15941
"586",2016-12-19,0.033,15969
"587",2017-01-17,0.013,15998
"588",2017-02-13,0.036,16025
"589",2017-03-14,0.018,16053
"590",2017-04-10,0.056,16080
"591",2017-05-08,0.011,16108
"592",2017-06-05,0.062,16136
"593",2017-06-19,0.238,16150
"594",2017-07-05,0.014,16166
"595",2017-07-31,0.112,16192
"596",2017-08-01,0.142,16193
"597",2017-08-14,0.053,16206
"598",2017-08-28,0.088,16220
"599",2017-09-13,0.191,16236
"600",2017-09-25,0.021,16248
"601",2017-10-09,0.084,16262
"602",2017-10-23,0.155,16276
"603",2017-11-20,0.04,16305
"604",2017-12-18,0.016,16333
"605",2018-01-02,0.023,16348
"606",2018-01-16,0.028,16362
"607",2018-01-29,0.033,16375
"608",2018-02-12,0.016,16389
"609",2018-02-26,0.013,16403
"610",2018-03-12,0.013,16416
"611",2018-04-09,0.013,16444
"612",2018-04-23,0.01,16458
"613",2018-05-07,0.006,16472
"614",2018-06-04,0.055,16500
"615",2018-06-18,0.049,16514
"616",2018-07-02,0.01,16528
"617",2018-07-30,0.075,16556
"618",2018-08-27,0.009,16584
"619",2018-09-24,0.018,16612
"620",2018-10-22,0.175,16640
"621",2018-11-19,0.016,16669
"622",2018-12-17,0.125,16697
"623",2019-01-14,0.029,16725
"624",2019-01-28,0.09,16739
"625",2019-02-11,0.022,16753
"626",2019-02-25,NA,16767
"627",2019-03-11,0.007,16780
"628",2019-04-08,0.009,16808
"629",2019-05-06,0.047,16836
"630",2019-06-03,0.014,16864
"631",2019-07-01,0.007,16892
"632",2019-07-29,0.011,16920
"633",2019-08-26,0.015,16948
"634",2019-09-09,0.019,16962
"635",2019-09-23,0.013,16976
"636",2019-10-21,0.103,17004
"637",2019-11-18,0.024,17033
"638",2019-12-16,0.04,17061
"639",2020-01-13,0.016,17089
"640",2020-02-10,0.006,17117
"641",2020-03-09,0.016,17144
"642",2020-04-06,0.007,17172
"643",2020-05-04,0.023,17200
"644",2020-06-01,0.013,17228
"645",2020-06-15,0.205,17242
"646",2020-06-29,0.019,17256
"647",2020-07-13,0.313,17270
"648",2020-07-27,0.035,17284
"649",2020-08-24,0.016,17312
"650",2020-09-21,0.043,17340
"651",2020-10-05,0.089,17354
"652",2020-10-19,0.186,17368
"653",2020-11-16,0.041,17397
"654",2020-12-14,0.041,17425
"655",2020-12-28,0.03,17439
"656",2021-01-11,0.061,17453
"657",2021-01-25,0.09,17467
"658",2021-02-08,0.049,17481
"659",2021-02-22,0.063,17495
"660",2021-03-08,0.06,17509
"661",2021-04-05,0.018,17536
"662",2021-04-19,0.053,17550
"663",2021-05-03,0.019,17564
"664",2021-06-01,0.037,17593
"665",2021-06-28,NA,17620
"666",2021-07-12,0.108,17634
"667",2021-07-26,0.113,17648
"668",2021-08-09,0.184,17662
"669",2021-08-23,0.06,17676
"670",2021-09-07,0.146,17691
"671",2021-09-20,0.144,17704
"672",2021-10-04,0.092,17718
"673",2021-10-18,0.164,17732
"674",2021-11-01,0.22,17746
"675",2021-11-15,0.079,17761
"676",2021-11-29,0.054,17775
"677",2021-12-13,0.069,17789
"678",2021-12-27,0.053,17803
"679",2022-01-10,0.075,17817
"680",2022-02-07,0.027,17845
"681",2022-03-07,0.013,17873
"682",2022-04-04,0.043,17900
"683",2022-04-18,0.008,17914
"684",2022-05-02,0.006,17928
"685",2022-05-31,0.017,17957
"686",2022-06-27,0.014,17984
"687",2022-07-11,0.018,17998
"688",2022-07-25,0.017,18012
"689",2022-08-08,0.021,18026
"690",2022-08-22,NA,18040
"691",2022-09-19,0.04,18068
"692",2022-10-03,0.105,18082
"693",2022-10-17,0.032,18096
"694",2022-10-31,0.092,18110
"695",2022-11-14,0.144,18125
"696",2022-11-28,0.033,18139
"697",2022-12-12,0.049,18153
"698",2022-12-27,0.081,18168
"699",2023-01-09,0.074,18181
"700",2023-02-06,0.059,18209
"701",2023-03-06,0.01,18237
"702",2023-03-20,0.043,18250
"703",2023-04-03,0.044,18264
"704",2023-05-01,0.053,18292
